target,alcohol,malic_acid,ash,alcalinity_of_ash,magnesium,total_phenols,flavanoids,nonflavanoid_phenols,proanthocyanins,color_intensity,hue,od280/od315_of_diluted_wines,proline
0,13.01,3.66,2.21,16.53,98.87,2.46,2.34,0.28,1.49,3.69,0.75,2.79,588.86
0,13.13,1.14,2.32,18.75,108.51,2.63,2.26,0.13,2.15,5.03,0.86,2.66,954.8
0,12.57,1.06,1.88,10.41,83.5,2.35,2.68,0.1,2.57,5.82,0.98,2.49,962.49
0,13.08,0.79,2.32,11.7,86.91,2.63,2.57,0.05,1.14,3.14,0.65,2.86,784.26
0,12.66,0.84,1.92,14.38,82.79,1.91,1.41,0.17,0.9,2.13,0.84,2.21,1037.74
0,13.67,3.23,2.32,10.94,118.34,2.58,2.36,0.12,1.69,3.53,0.74,3.05,547.11
0,12.63,0.72,2.36,12.96,79.57,2.26,2.0,0.22,0.91,2.62,0.71,2.55,898.98
0,14.06,0.78,2.16,8.55,78.81,2.57,2.84,0.32,2.32,3.42,1.05,2.12,881.34
0,13.44,1.28,2.44,13.19,93.25,2.91,3.02,0.1,1.39,4.17,0.76,3.17,924.06
0,13.52,0.88,2.15,14.6,92.0,2.72,2.73,0.17,1.61,6.25,0.91,3.25,912.7
0,13.81,1.55,2.09,15.62,99.36,3.03,3.28,0.2,2.07,5.83,0.88,3.25,948.83
0,13.29,0.88,2.54,17.55,123.65,2.58,2.16,0.43,1.02,4.04,1.12,2.58,1050.82
0,13.35,1.35,2.28,18.17,102.01,2.69,2.91,0.19,1.79,6.25,1.03,2.68,1426.97
0,13.64,1.38,2.53,16.4,90.59,2.3,2.75,0.19,2.15,5.05,1.19,3.2,1189.73
0,13.98,3.04,2.14,14.36,94.97,2.94,2.68,0.21,1.91,3.76,0.93,3.09,909.9
0,12.93,1.31,2.05,14.93,95.55,2.29,2.47,0.26,1.27,3.3,1.14,2.57,965.99
0,13.69,1.45,2.69,22.36,100.38,2.97,3.21,0.28,2.36,5.6,1.18,2.68,1271.34
0,12.46,0.95,1.9,14.55,96.53,2.54,2.27,0.19,1.61,3.34,0.71,2.83,654.26
0,12.72,0.93,1.95,14.63,83.87,1.96,1.48,0.18,0.94,2.31,0.86,2.27,1061.65
0,13.61,1.01,2.13,14.13,118.02,2.65,2.61,0.17,1.78,4.35,0.96,3.31,604.04
0,13.96,1.33,2.34,14.47,122.19,2.59,2.72,0.24,2.1,4.86,0.96,3.68,958.92
0,12.27,0.81,2.32,15.43,84.85,2.04,1.66,0.17,1.05,2.28,0.93,3.13,791.16
0,13.48,1.1,1.98,14.26,93.58,2.77,2.87,0.15,1.84,4.89,0.79,2.96,821.31
0,13.75,0.99,2.23,11.98,84.8,2.01,1.74,0.2,1.53,3.43,0.84,3.02,1042.96
0,13.59,2.5,2.01,12.75,88.09,2.64,2.2,0.15,1.63,2.64,0.82,2.75,758.23
0,13.0,0.84,2.42,13.94,101.5,2.41,1.85,0.27,1.14,4.11,0.91,2.26,1077.35
0,13.05,1.65,2.55,18.0,97.98,2.45,2.43,0.29,1.44,4.25,1.12,2.51,1104.58
0,13.13,1.12,2.16,14.43,109.42,2.82,2.76,0.27,2.04,4.9,0.83,3.0,627.96
0,12.63,1.63,2.49,16.42,91.69,2.39,2.59,0.22,2.44,4.17,0.88,2.71,979.72
0,13.7,1.1,2.52,17.54,109.46,2.34,2.4,0.24,1.55,4.49,0.9,2.13,1047.66
0,12.76,0.79,2.36,16.96,82.99,1.96,1.7,0.17,1.14,1.41,0.91,3.17,558.14
0,13.58,0.91,2.24,12.66,101.14,2.79,2.63,0.25,1.53,4.99,0.88,2.31,1210.55
0,13.24,1.29,2.35,19.18,110.34,2.71,2.38,0.15,2.22,5.33,0.89,2.75,995.24
0,12.58,3.32,2.53,17.16,95.83,2.14,1.98,0.2,1.73,3.5,0.93,3.21,633.99
0,13.92,1.24,2.22,10.1,93.89,2.94,3.07,0.22,2.63,6.18,1.07,2.6,1368.08
0,12.99,1.97,3.2,24.75,122.93,2.58,2.61,0.46,1.88,3.41,1.11,3.15,806.41
0,13.48,0.94,2.03,13.8,86.58,2.24,1.67,0.18,1.6,3.17,0.89,3.12,827.35
0,14.47,1.35,2.3,10.27,86.15,2.89,3.35,0.39,2.62,4.61,1.17,2.49,1043.1
0,13.7,1.13,2.21,15.33,95.13,2.85,2.95,0.19,1.73,6.75,0.96,3.41,981.69
0,13.26,1.22,2.25,17.78,100.35,2.61,2.79,0.17,1.72,5.98,1.0,2.6,1390.35
0,12.31,1.03,2.97,21.94,110.9,2.06,1.76,0.36,1.4,1.45,0.92,2.55,541.18
0,13.8,1.28,2.19,14.95,121.51,2.8,2.86,0.2,1.92,4.92,1.02,3.49,681.08
0,13.29,0.82,2.44,17.77,105.48,2.53,2.73,0.32,1.34,5.05,0.98,2.1,919.99
0,13.5,1.78,2.65,18.95,109.79,2.34,2.52,0.29,1.53,4.17,1.1,2.86,1090.34
0,13.54,1.63,2.31,16.61,101.46,2.31,2.51,0.4,1.87,3.43,1.19,2.74,933.96
0,13.07,1.35,2.77,14.64,106.32,2.44,2.42,0.31,1.21,4.0,1.03,2.6,798.96
0,12.59,1.42,3.07,23.12,115.96,2.28,2.12,0.4,1.6,2.27,1.0,2.8,652.64
0,13.07,1.35,2.77,14.64,106.33,2.44,2.42,0.31,1.21,4.01,1.03,2.6,799.18
0,13.1,0.57,2.29,14.13,97.01,2.92,2.9,0.09,1.6,5.02,0.71,2.32,1042.79
0,13.53,1.62,2.31,16.57,101.29,2.3,2.5,0.4,1.86,3.4,1.19,2.74,930.24
0,13.78,3.45,2.29,17.13,103.44,2.52,2.12,0.23,0.95,4.01,0.75,2.95,913.38
0,13.24,0.98,2.08,14.34,109.18,2.21,2.28,0.13,1.27,4.42,0.78,2.76,865.63
0,13.08,0.82,2.53,16.17,93.19,2.34,2.0,0.25,1.21,2.26,1.03,2.71,610.41
0,13.59,0.92,2.24,12.69,101.28,2.8,2.64,0.25,1.54,5.01,0.88,2.32,1213.74
0,13.2,1.51,2.56,15.32,89.65,2.7,2.71,0.31,1.32,4.26,0.87,3.05,1121.13
0,14.15,3.9,2.49,12.92,126.8,2.95,2.96,0.19,2.03,4.9,0.87,3.47,733.44
0,13.2,0.79,2.39,14.62,82.97,1.97,2.22,0.12,1.85,3.81,1.06,2.82,1021.76
0,12.89,0.79,2.08,13.46,105.26,2.64,2.47,0.24,1.87,4.22,0.76,2.8,536.19
0,12.51,0.98,1.86,10.17,82.46,2.3,2.6,0.09,2.53,5.65,0.97,2.44,939.74
0,13.61,1.33,2.65,18.9,129.43,2.84,2.56,0.48,1.25,4.98,1.21,2.87,1178.36
0,13.12,1.26,2.52,17.4,103.15,2.05,2.05,0.23,1.27,3.09,0.99,2.53,943.89
0,13.48,1.09,2.42,15.69,103.69,3.21,3.37,0.15,1.87,6.1,0.82,2.66,1189.98
0,13.67,1.36,2.48,16.49,107.12,3.36,3.61,0.18,2.0,6.66,0.88,2.83,1265.54
0,14.06,1.4,2.3,16.55,93.94,2.15,2.36,0.25,1.53,4.83,1.15,2.77,1256.68
0,14.36,1.94,2.5,16.77,112.86,3.84,3.48,0.24,2.17,7.78,0.86,3.44,1476.98
0,13.17,1.39,2.31,19.23,94.57,2.46,2.6,0.21,1.64,4.22,0.95,3.2,800.28
0,13.48,0.6,2.1,14.16,83.7,1.7,1.64,0.16,1.12,3.17,0.99,2.26,1030.86
0,14.01,1.45,2.38,15.31,106.64,3.57,3.05,0.18,1.93,6.77,0.76,3.13,1339.8
0,13.15,1.15,2.17,14.53,109.87,2.84,2.79,0.28,2.05,4.97,0.84,3.03,637.75
0,12.73,0.78,2.16,17.41,86.79,2.12,2.06,0.14,1.33,2.96,0.83,2.81,628.82
0,13.65,1.79,2.35,17.09,103.54,2.4,2.66,0.42,1.95,3.77,1.22,2.85,979.93
0,13.72,1.61,2.38,13.57,109.17,3.8,3.61,0.3,1.8,6.75,0.98,3.17,1149.55
0,13.11,1.46,2.08,16.22,90.68,2.25,1.96,0.24,1.22,3.41,0.97,2.6,1211.79
0,12.31,1.03,2.97,21.94,110.93,2.06,1.77,0.36,1.4,1.46,0.92,2.55,541.74
0,13.97,1.5,2.25,15.62,124.39,2.93,3.06,0.23,2.04,5.39,1.06,3.63,744.56
0,14.5,1.18,2.06,12.64,91.17,2.54,2.57,0.24,1.75,4.25,0.99,2.56,916.56
0,14.33,1.81,2.36,11.81,101.21,3.27,3.58,0.28,2.93,7.37,1.19,2.96,1529.51
0,13.3,1.06,2.03,14.72,90.98,2.34,2.34,0.1,1.82,3.47,1.03,2.47,1200.93
0,13.49,1.1,2.51,18.61,109.05,2.69,2.98,0.35,1.48,5.63,1.03,2.27,998.88
0,12.25,2.86,2.42,15.8,90.01,1.88,1.57,0.15,1.5,2.55,0.84,2.92,505.54
0,13.69,0.91,2.21,11.72,83.69,1.96,1.66,0.19,1.49,3.25,0.82,2.97,1018.64
0,13.94,1.36,2.36,15.05,105.5,3.52,2.97,0.17,1.88,6.58,0.74,3.08,1314.57
0,13.6,3.2,2.23,16.4,100.32,2.38,1.9,0.21,0.82,3.51,0.7,2.8,844.59
0,14.04,1.56,2.63,18.91,115.35,2.6,2.81,0.29,1.78,5.45,1.0,2.42,1177.52
0,13.26,2.58,2.43,13.66,109.39,2.41,2.57,0.11,1.4,4.03,0.85,3.03,699.35
0,12.64,1.09,2.41,16.32,90.83,2.14,1.93,0.23,1.15,3.09,1.01,2.15,946.85
0,13.87,3.5,2.39,11.75,121.79,2.73,2.61,0.15,1.83,4.09,0.79,3.22,623.16
0,13.8,1.54,2.22,16.82,105.53,2.77,3.37,0.3,1.98,8.5,1.08,2.98,1205.6
0,12.77,0.94,2.67,13.41,101.06,2.21,2.05,0.26,1.0,3.15,0.95,2.34,682.96
0,12.76,1.37,2.0,15.8,101.87,2.78,2.64,0.24,1.82,4.21,0.8,3.09,771.89
0,13.0,1.66,2.02,12.18,91.05,2.68,3.2,0.16,2.87,7.05,1.1,2.86,1129.0
0,14.1,0.83,2.17,8.72,79.55,2.6,2.89,0.33,2.35,3.54,1.07,2.16,897.61
0,13.92,1.7,2.26,17.31,107.6,2.86,3.51,0.32,2.06,8.84,1.11,3.08,1251.18
0,12.59,3.09,2.07,14.84,91.61,2.14,1.83,0.22,1.2,2.51,0.64,2.43,428.85
0,14.04,3.12,2.16,14.6,96.01,2.99,2.75,0.22,1.95,3.93,0.94,3.14,932.9
0,13.62,1.29,2.47,16.28,106.21,3.32,3.55,0.17,1.97,6.51,0.86,2.78,1245.61
0,13.51,1.35,2.1,15.59,94.69,2.5,2.6,0.13,1.97,4.08,1.09,2.66,1282.78
0,13.66,1.4,2.67,19.1,130.3,2.88,2.62,0.49,1.28,5.12,1.22,2.92,1197.52
0,13.4,1.68,2.58,19.61,94.32,2.46,2.49,0.27,1.59,3.25,1.09,3.74,807.95
0,14.05,1.4,2.43,15.92,105.52,3.19,3.76,0.3,1.76,8.3,1.19,2.7,1625.38
0,13.72,1.02,2.13,14.26,109.27,2.82,2.39,0.18,1.68,4.96,0.8,2.88,777.45
0,12.31,0.71,1.79,9.36,78.99,2.15,2.36,0.06,2.39,5.09,0.91,2.26,863.04
0,13.06,0.78,2.18,13.17,76.89,2.07,1.91,0.18,1.32,3.63,0.96,2.3,1053.05
0,13.67,1.57,2.22,16.09,116.68,2.54,2.81,0.2,1.57,5.64,0.9,3.13,1030.99
0,13.02,1.59,2.59,15.68,97.21,2.79,2.89,0.27,1.47,5.22,0.99,2.6,1164.28
0,13.85,1.67,2.31,17.75,98.53,2.55,2.61,0.28,2.2,5.47,1.0,2.53,961.39
0,12.85,1.3,2.02,9.76,93.83,2.38,2.33,0.21,1.03,3.38,0.95,3.09,913.9
0,13.01,3.29,1.99,17.16,82.99,2.14,2.19,0.21,1.2,3.14,0.8,2.65,880.52
0,13.01,0.9,2.12,13.74,88.76,2.07,2.02,0.16,1.2,1.81,0.91,3.39,765.09
0,13.71,1.68,2.4,15.84,88.32,2.57,2.71,0.28,1.78,5.49,1.14,2.87,1305.11
0,12.62,2.76,1.85,15.56,76.13,1.84,1.71,0.15,0.92,2.03,0.69,2.31,729.21
0,13.02,2.17,2.62,18.03,98.56,2.69,3.07,0.28,2.71,5.28,0.99,3.05,1131.31
0,13.16,1.16,2.54,15.26,103.71,2.49,2.33,0.23,1.13,5.95,1.15,2.47,1127.19
0,13.49,1.38,2.67,17.85,100.37,2.66,2.51,0.31,1.49,3.42,1.14,3.07,768.82
0,13.24,1.27,2.57,15.58,105.08,2.55,2.43,0.24,1.18,6.18,1.17,2.54,1157.48
0,13.08,0.73,2.17,10.96,97.99,3.31,2.83,0.21,1.35,4.94,0.8,2.61,903.15
0,13.93,1.23,2.39,15.42,103.37,3.1,3.61,0.28,1.67,7.95,1.16,2.59,1577.84
0,13.28,1.27,2.22,14.85,93.52,2.28,2.36,0.2,1.39,2.59,0.99,3.63,870.01
0,12.54,0.77,1.92,13.31,88.64,1.99,1.99,0.2,1.0,2.18,1.03,2.22,813.71
0,13.48,1.16,2.62,21.47,96.59,2.81,2.94,0.25,2.2,4.98,1.12,2.49,1187.75
0,12.89,3.49,2.17,16.05,96.78,2.37,2.2,0.27,1.41,3.35,0.72,2.69,542.87
0,13.66,0.92,2.24,13.25,116.94,2.36,2.36,0.19,1.89,4.01,0.88,3.42,843.21
0,12.69,2.84,1.88,15.82,77.26,1.89,1.79,0.16,0.97,2.21,0.71,2.37,754.15
0,12.95,1.5,2.57,15.41,96.04,2.74,2.81,0.26,1.42,5.03,0.97,2.54,1138.67
0,13.78,3.38,2.36,11.38,120.21,2.66,2.5,0.13,1.77,3.84,0.77,3.14,588.23
0,13.95,2.0,2.57,17.16,119.1,2.52,2.38,0.29,1.17,4.74,1.03,3.49,1253.06
0,13.38,1.67,2.38,20.09,98.25,2.62,2.86,0.24,1.79,4.82,1.01,3.38,881.39
0,13.34,0.95,2.56,17.77,124.59,2.63,2.22,0.44,1.05,4.2,1.13,2.63,1071.63
0,13.94,1.57,2.18,15.67,94.6,2.59,2.23,0.25,1.92,4.47,1.02,3.52,1004.21
0,13.19,2.48,2.41,13.34,108.06,2.35,2.47,0.1,1.34,3.81,0.83,2.97,669.92
0,13.6,1.71,2.32,16.14,99.05,2.52,2.74,0.25,1.61,3.48,1.08,3.9,991.9
0,13.93,1.93,2.24,17.3,102.01,2.82,3.11,0.19,2.26,5.26,1.2,3.02,1443.97
0,12.44,1.49,2.6,17.7,103.89,2.18,1.7,0.27,1.25,2.03,0.81,2.23,423.88
0,14.13,1.5,2.46,16.23,106.86,3.25,3.85,0.31,1.81,8.51,1.21,2.76,1654.83
0,13.81,1.82,2.78,19.16,105.95,2.9,2.9,0.36,1.72,4.33,1.23,3.35,891.94
0,13.62,1.55,2.71,18.35,102.52,2.75,2.66,0.33,1.58,3.77,1.18,3.18,816.21
0,13.59,1.31,2.65,21.94,98.62,2.9,3.08,0.27,2.28,5.31,1.15,2.59,1232.53
0,12.51,1.14,2.41,16.42,89.09,2.22,1.96,0.21,1.22,2.97,1.0,3.34,884.63
0,12.75,0.96,1.95,14.74,84.34,1.98,1.51,0.19,0.96,2.38,0.87,2.29,1071.96
0,13.77,1.04,2.17,9.5,91.33,2.83,2.89,0.2,2.53,5.77,1.03,2.47,1311.67
0,13.86,1.87,2.54,16.77,117.44,2.44,2.26,0.28,1.11,4.47,1.0,3.4,1216.53
0,13.57,1.62,2.61,16.27,111.47,2.85,2.54,0.36,1.54,5.73,1.07,2.75,1297.08
0,13.16,0.91,2.21,13.56,78.56,2.14,2.03,0.2,1.39,3.91,0.98,2.38,1089.9
0,14.69,1.64,2.37,11.14,89.89,3.05,3.61,0.42,2.77,5.22,1.23,2.67,1125.53
0,12.83,0.99,2.43,13.78,83.08,2.42,2.25,0.25,1.05,3.19,0.76,2.73,976.36
0,13.94,1.36,2.36,15.04,105.46,3.52,2.96,0.17,1.88,6.58,0.74,3.08,1313.74
0,13.41,1.51,2.63,16.29,108.1,2.68,2.64,0.27,1.3,6.67,1.22,2.69,1224.04
0,14.19,1.77,2.68,19.56,118.1,2.72,3.01,0.31,1.89,5.89,1.04,2.56,1238.22
0,13.08,1.67,2.61,15.92,98.22,2.83,2.97,0.28,1.51,5.39,1.01,2.65,1186.67
0,13.74,1.53,2.28,17.33,96.71,2.47,2.48,0.27,2.13,5.18,0.97,2.44,921.38
0,12.47,1.07,2.39,16.23,88.28,2.19,1.9,0.2,1.19,2.84,0.98,3.3,866.77
0,13.44,1.03,2.49,18.39,108.14,2.65,2.92,0.34,1.44,5.49,1.02,2.23,978.65
0,12.91,1.38,2.04,10.0,94.88,2.43,2.4,0.22,1.07,3.55,0.97,3.15,937.02
0,13.91,1.2,2.25,15.95,91.38,2.04,2.18,0.23,1.43,4.41,1.11,2.64,1200.25
0,12.57,0.97,2.44,13.82,89.27,2.44,2.34,0.2,1.15,3.93,0.87,2.21,989.25
1,13.05,0.4,2.4,21.68,71.79,2.33,1.87,0.09,1.3,1.07,1.13,2.45,96.79
1,12.35,1.14,1.91,19.52,77.65,2.09,1.98,0.27,1.03,4.62,1.11,3.46,502.23
1,11.45,1.76,2.22,17.3,95.02,2.89,2.05,0.14,1.23,2.77,1.11,2.81,279.36
1,12.31,2.79,1.82,14.09,71.84,1.27,0.68,0.36,0.5,2.07,0.57,1.71,191.98
1,11.68,2.57,2.89,19.66,101.54,1.69,1.93,0.59,0.99,3.56,1.21,2.43,574.84
1,11.6,0.45,1.75,13.14,72.77,2.01,1.65,0.18,1.28,0.92,1.03,2.13,158.45
1,11.89,0.88,1.77,17.95,74.07,1.72,1.16,0.22,1.04,1.17,0.87,3.03,431.07
1,12.09,1.15,2.08,21.12,102.11,1.74,1.68,0.29,1.37,1.1,0.97,2.67,215.07
1,12.92,3.68,2.28,21.96,82.71,1.55,1.43,0.59,1.53,4.43,0.8,1.9,464.55
1,11.68,2.33,2.0,15.49,77.25,2.38,2.24,0.36,2.38,0.55,1.25,2.3,168.88
1,11.32,0.08,2.25,20.86,64.57,1.41,0.64,0.28,0.86,0.02,1.1,2.05,333.93
1,11.99,0.98,1.86,18.07,88.02,2.19,1.76,0.36,1.92,2.05,0.8,2.82,224.35
1,11.43,1.73,2.22,17.22,94.68,2.87,2.03,0.14,1.22,2.71,1.11,2.8,271.84
1,11.9,0.89,1.77,17.98,74.22,1.73,1.17,0.23,1.05,1.19,0.87,3.03,434.21
1,11.26,3.46,1.75,18.67,103.44,3.02,2.33,0.21,3.44,2.32,0.69,2.63,483.49
1,11.35,1.25,2.52,24.75,82.63,1.68,1.23,0.35,1.12,1.73,1.27,2.94,443.69
1,11.06,1.82,1.97,14.8,98.31,1.12,0.36,0.31,0.4,0.43,0.74,1.84,198.2
1,11.44,0.34,2.44,16.35,86.93,1.89,1.72,0.16,2.07,1.9,0.68,2.73,364.14
1,12.12,0.86,2.47,17.06,93.57,2.23,2.34,0.33,1.9,3.88,1.12,2.08,580.36
1,11.84,2.55,2.06,16.14,80.03,2.5,2.43,0.38,2.49,1.01,1.29,2.43,230.19
1,12.03,1.05,1.89,14.93,80.43,2.35,2.18,0.25,1.59,2.16,1.16,2.51,327.22
1,12.02,0.46,1.24,9.15,81.82,1.71,0.14,0.23,0.17,0.95,0.95,1.51,383.7
1,12.68,1.51,2.26,20.64,79.76,1.37,1.44,0.58,1.61,3.01,0.96,2.05,489.79
1,11.92,3.75,2.56,24.46,93.28,1.82,1.52,0.35,1.36,0.67,0.78,2.69,172.81
1,11.87,2.26,2.08,16.29,80.69,2.13,1.74,0.19,1.7,0.96,1.03,2.94,128.72
1,11.46,3.74,2.25,19.31,74.75,2.54,2.52,0.15,2.62,1.62,0.63,3.28,220.23
1,13.24,1.32,2.16,22.98,82.65,1.69,1.54,0.23,0.86,3.03,0.91,2.56,376.13
1,12.23,1.44,2.25,23.93,85.57,2.11,2.28,0.38,1.8,1.73,0.85,2.66,288.44
1,12.27,0.88,1.79,17.13,82.12,1.19,0.95,0.24,1.11,1.5,0.95,2.48,432.37
1,12.68,1.25,2.5,28.74,133.6,3.06,2.51,0.16,1.74,2.47,1.22,3.23,865.88
1,12.51,1.52,2.13,17.94,82.33,2.04,2.27,0.23,1.62,3.3,1.1,2.96,633.03
1,11.95,0.51,2.01,17.64,66.9,0.81,0.54,0.47,1.09,0.92,0.75,1.41,206.11
1,11.84,1.75,1.62,16.53,92.84,2.05,1.88,0.22,1.23,2.62,1.2,2.75,618.21
1,12.29,0.83,1.33,10.26,86.56,1.92,0.47,0.27,0.36,1.72,1.03,1.75,488.25
1,12.12,3.07,2.2,20.61,90.8,2.38,1.84,0.34,1.54,0.91,1.03,2.62,238.04
1,11.18,1.88,2.72,17.61,92.78,1.3,1.31,0.51,0.64,2.14,1.07,1.99,381.56
1,11.98,1.01,1.8,18.34,75.75,1.79,1.27,0.24,1.11,1.44,0.89,3.11,468.01
1,11.69,0.51,2.04,18.46,72.99,2.17,2.24,0.28,1.25,1.83,0.48,2.19,65.21
1,12.33,2.43,2.46,20.95,97.8,2.55,2.1,0.34,1.3,2.77,0.8,3.37,433.56
1,12.42,1.09,1.84,17.75,84.81,1.31,1.14,0.26,1.22,1.93,0.99,2.61,491.75
1,13.31,0.76,2.48,22.74,76.35,2.53,2.19,0.13,1.48,1.81,1.21,2.68,197.21
1,10.4,0.64,1.99,18.9,73.87,1.97,1.39,0.42,1.56,0.09,1.53,2.32,161.7
1,11.61,0.85,2.12,20.54,80.32,1.36,1.01,0.35,1.17,0.88,1.18,1.78,281.66
1,12.04,0.61,1.99,17.13,82.14,3.26,3.34,0.19,1.72,3.55,0.95,2.48,530.87
1,12.13,0.65,1.85,14.69,90.97,1.62,0.78,0.45,0.26,4.28,0.84,1.14,250.88
1,11.53,1.07,2.13,16.23,71.29,1.17,0.82,0.44,1.25,0.82,0.92,1.79,265.82
1,11.33,1.23,2.51,24.7,82.42,1.68,1.22,0.35,1.12,1.69,1.27,2.93,439.07
1,12.27,0.81,1.33,10.2,86.27,1.9,0.45,0.26,0.35,1.67,1.02,1.73,481.95
1,11.17,1.41,2.3,19.65,75.66,1.58,1.11,0.41,1.02,1.45,0.87,2.34,496.07
1,11.89,1.07,2.08,18.77,96.05,0.8,0.53,0.31,1.18,1.92,0.796,1.47,716.67
1,10.56,0.87,2.04,19.58,76.79,2.1,1.6,0.45,1.68,0.57,1.58,2.46,225.97
1,11.41,0.47,2.27,19.75,72.25,2.05,1.47,0.33,0.57,0.99,0.74,2.61,125.96
1,12.14,0.72,1.88,14.0,132.58,1.75,1.61,0.32,2.62,2.84,1.01,2.14,674.56
1,12.22,1.33,1.88,19.3,79.87,1.98,1.56,0.28,1.27,2.11,0.96,3.32,558.93
1,12.29,1.22,2.05,17.02,78.39,1.87,2.0,0.19,1.47,2.67,1.04,2.76,546.29
1,11.6,3.69,2.23,20.17,72.19,1.76,1.2,0.35,1.04,1.33,0.66,2.18,407.77
1,11.9,0.74,2.01,16.68,152.06,2.06,1.57,0.23,2.88,0.99,1.0,2.14,717.8
1,11.29,0.17,2.07,18.26,89.29,2.87,1.32,0.03,1.18,1.31,0.8,2.55,627.71
1,11.82,0.96,2.41,17.54,97.78,1.62,1.31,0.4,0.78,1.94,1.35,1.92,217.75
1,11.37,3.37,2.15,19.23,68.15,1.58,0.92,0.32,0.88,0.68,0.6,1.98,318.7
1,11.82,1.14,2.19,21.39,83.98,1.52,1.27,0.38,1.32,1.47,1.23,1.96,362.17
1,12.06,1.3,2.29,23.52,69.64,2.18,1.56,0.42,1.37,1.68,1.06,3.19,616.99
1,12.93,0.76,1.68,15.59,84.25,1.87,1.91,0.22,1.39,4.32,1.16,2.39,353.52
1,12.35,1.18,2.55,18.01,97.63,2.4,2.62,0.37,2.07,4.54,1.18,2.28,669.84
1,11.44,1.29,1.96,18.39,73.85,2.11,1.87,0.27,0.9,0.95,0.68,2.73,132.23
1,12.33,1.03,2.14,19.2,73.59,1.1,1.01,0.52,1.36,2.01,0.86,1.74,353.72
1,11.82,1.47,1.94,18.14,75.77,2.01,1.41,0.15,0.73,0.01,0.7,2.17,55.36
1,11.93,0.52,2.01,17.17,79.19,3.16,2.55,0.12,1.56,3.18,1.1,2.48,247.79
1,11.82,4.24,2.37,20.8,81.15,2.82,2.97,0.2,2.88,2.66,0.74,3.6,361.17
1,11.45,1.21,1.49,14.89,85.84,1.74,1.39,0.16,0.95,1.49,1.09,2.41,463.89
1,12.8,0.59,1.6,13.73,72.57,2.74,2.8,0.21,2.06,4.42,1.03,2.91,382.24
1,11.18,1.22,1.76,14.02,88.52,1.24,0.98,0.27,0.81,2.42,1.09,1.72,241.0
1,11.96,1.33,2.02,17.81,74.92,1.43,1.68,0.33,1.43,2.58,0.92,2.92,398.09
1,12.1,0.62,1.84,14.6,90.59,1.61,0.75,0.45,0.24,4.22,0.83,1.12,242.45
1,12.65,0.38,1.58,14.45,79.35,1.66,1.56,0.18,1.19,3.52,1.08,2.15,245.4
1,12.33,1.11,1.91,19.42,77.24,2.08,1.95,0.26,1.01,4.56,1.11,3.44,493.22
1,11.36,0.83,1.83,18.89,77.83,1.62,1.03,0.23,1.2,0.62,0.82,2.92,314.92
1,11.5,0.23,1.83,16.93,77.16,2.03,1.64,0.22,1.08,1.07,1.24,2.68,83.09
1,11.4,0.56,2.05,19.66,76.55,1.19,0.75,0.31,1.02,0.27,1.11,1.59,198.5
1,11.71,0.53,1.9,17.83,80.98,2.2,1.91,0.26,1.23,1.69,1.3,2.87,167.42
1,12.38,0.58,2.14,16.8,93.87,1.97,1.58,0.26,1.25,1.79,1.15,2.9,336.78
1,12.02,0.65,2.04,17.55,80.81,3.23,2.67,0.14,1.62,3.45,1.12,2.56,283.53
1,11.78,1.67,2.05,19.36,78.71,1.19,1.05,0.56,0.97,0.87,0.68,2.74,66.1
1,10.86,2.91,1.62,17.02,96.4,2.72,1.84,0.15,3.16,1.18,0.58,2.28,328.36
1,13.42,0.9,1.83,16.96,89.53,1.9,1.48,0.28,0.55,3.08,1.16,2.24,531.52
1,10.99,1.13,2.07,15.42,86.96,2.54,1.49,0.07,0.91,1.46,0.98,2.41,101.61
1,11.89,0.87,2.01,20.3,98.6,1.59,1.43,0.26,1.23,0.53,0.91,2.49,137.73
1,11.41,1.07,2.63,19.17,90.45,2.58,2.67,0.26,2.35,2.07,0.9,3.08,601.64
1,10.96,1.41,2.17,21.19,83.69,2.4,2.08,0.51,1.96,1.69,1.69,2.8,378.13
1,11.8,0.66,2.08,18.9,74.88,2.25,2.37,0.29,1.32,2.14,0.51,2.29,106.89
1,12.17,1.27,2.11,21.48,103.65,1.81,1.79,0.3,1.44,1.35,0.99,2.74,249.15
1,11.64,1.47,1.82,18.76,82.84,2.36,1.42,0.34,1.29,1.55,0.89,2.28,345.28
1,11.89,3.28,1.96,18.55,85.09,1.92,1.51,0.35,1.79,0.97,0.9,2.96,521.91
1,10.95,1.71,2.25,17.95,87.22,2.52,2.18,0.24,1.48,1.82,0.66,2.95,431.38
1,11.48,0.67,1.86,15.83,66.43,1.06,1.08,0.25,1.09,1.2,0.78,2.5,210.78
1,12.0,1.28,2.47,22.17,82.6,2.5,2.19,0.42,0.98,2.67,0.91,3.12,354.03
1,10.94,1.09,2.22,18.7,71.61,1.41,0.82,0.37,0.85,0.79,0.8,2.13,406.83
1,12.85,0.78,2.02,21.37,75.75,1.39,1.05,0.17,0.58,1.91,0.8,2.22,224.02
1,11.72,0.18,1.88,15.84,76.64,3.02,2.96,0.14,1.49,2.66,0.86,2.21,409.55
1,13.45,0.95,1.85,17.1,90.13,1.93,1.52,0.29,0.57,3.17,1.17,2.27,544.7
1,10.71,1.38,2.17,16.95,82.96,2.33,1.88,0.21,1.31,1.13,0.59,2.74,337.39
1,11.55,0.39,1.73,12.96,71.98,1.98,1.59,0.18,1.25,0.79,1.02,2.09,140.96
1,12.35,4.83,1.89,18.61,73.64,2.08,1.79,0.19,1.51,0.59,0.53,2.49,107.54
1,11.69,0.59,2.38,22.39,71.13,1.7,1.1,0.34,1.12,1.08,1.2,2.38,478.43
1,12.25,0.99,2.25,15.67,99.59,1.99,0.99,0.62,0.35,3.04,1.23,1.6,648.85
1,11.5,1.03,1.88,19.5,80.42,1.74,1.21,0.25,1.31,1.04,0.86,3.05,372.0
1,12.2,1.03,2.1,20.36,74.85,0.98,1.12,0.4,1.26,1.81,0.73,1.97,286.26
1,11.57,1.75,1.89,15.61,95.34,1.54,1.45,0.33,1.08,3.53,1.2,2.06,391.39
1,11.53,0.38,2.33,21.75,68.38,1.58,0.91,0.32,1.01,0.64,1.16,2.24,417.82
1,12.4,2.91,1.85,14.46,73.4,1.34,0.79,0.37,0.57,2.33,0.59,1.79,226.54
1,11.35,0.21,2.41,15.97,85.31,1.82,1.6,0.14,2.0,1.64,0.65,2.65,328.5
1,11.47,2.38,2.1,16.46,105.43,1.43,0.86,0.37,0.69,1.58,0.85,2.19,355.21
1,11.84,0.82,1.99,20.12,97.84,1.55,1.38,0.25,1.2,0.41,0.9,2.45,121.0
1,11.77,0.56,1.96,16.12,149.66,1.96,1.41,0.21,2.79,0.6,0.96,2.02,665.01
1,10.4,0.65,1.99,18.92,73.96,1.98,1.4,0.42,1.57,0.11,1.53,2.32,163.59
1,11.67,1.51,1.83,18.87,83.29,2.38,1.45,0.35,1.31,1.62,0.9,2.31,355.27
1,11.27,1.06,1.9,17.71,70.95,1.98,1.67,0.25,0.79,0.48,0.64,2.58,68.23
1,11.35,1.53,2.63,26.71,84.34,1.79,1.7,0.51,1.45,1.76,0.85,2.06,297.17
1,11.78,0.84,2.24,20.26,97.84,3.24,1.92,0.1,1.52,2.7,0.94,2.97,816.39
1,10.92,0.06,2.33,18.97,79.31,2.1,1.4,0.34,1.09,1.67,0.96,1.88,242.5
1,11.84,1.29,2.37,21.36,83.24,1.33,1.06,0.48,1.52,3.15,1.01,2.51,389.19
1,12.37,1.45,2.27,21.25,84.93,2.69,3.08,0.38,1.73,3.77,0.67,2.79,328.45
1,11.24,0.06,2.38,15.51,83.36,1.73,1.47,0.13,1.92,1.32,0.62,2.55,285.38
1,12.84,0.64,1.61,13.89,73.27,2.77,2.85,0.22,2.09,4.53,1.04,2.95,397.79
1,11.98,0.84,2.03,16.98,153.35,2.12,1.67,0.24,2.93,1.2,1.02,2.2,746.38
1,12.13,1.12,2.19,20.27,80.75,2.51,2.78,0.34,1.56,3.09,0.61,2.58,236.24
1,13.16,0.54,2.43,22.1,73.62,2.41,1.99,0.1,1.37,1.37,1.16,2.54,136.99
1,11.62,2.48,2.87,19.42,100.5,1.64,1.86,0.58,0.95,3.39,1.19,2.38,551.9
1,11.86,1.19,1.99,17.4,73.16,1.35,1.55,0.31,1.36,2.29,0.89,2.83,359.18
1,11.96,0.85,1.67,15.77,146.61,1.66,0.97,0.1,2.32,2.14,1.21,2.85,621.27
1,11.78,4.18,2.36,20.62,80.37,2.79,2.92,0.2,2.84,2.53,0.72,3.56,343.99
1,12.64,3.78,2.38,22.74,99.87,2.78,2.47,0.42,1.9,2.39,1.17,3.07,438.06
1,12.19,4.12,2.65,25.57,98.02,2.03,1.85,0.4,1.55,1.43,0.86,2.92,277.31
1,11.67,1.93,2.69,20.94,131.61,1.5,0.82,0.12,1.46,2.11,0.91,2.14,572.35
1,12.11,0.91,2.07,19.99,73.27,0.91,1.01,0.39,1.2,1.56,0.71,1.89,251.48
1,13.14,1.17,2.12,22.54,80.77,1.61,1.4,0.22,0.78,2.73,0.88,2.47,334.66
1,12.15,0.76,2.02,17.58,84.08,3.35,3.48,0.21,1.79,3.86,0.98,2.58,573.61
1,12.11,2.12,2.16,20.71,84.46,1.44,1.45,0.61,1.2,1.8,0.77,3.02,192.95
1,12.43,1.41,2.1,17.6,80.85,1.97,2.17,0.22,1.56,3.06,1.08,2.88,600.5
1,11.8,1.7,2.28,18.76,88.42,2.14,1.44,0.26,0.93,1.25,0.65,2.9,226.8
1,11.7,0.79,2.01,17.96,92.55,0.64,0.29,0.28,1.04,1.35,0.736,1.3,639.62
1,13.38,0.86,1.82,16.82,88.97,1.88,1.44,0.28,0.53,2.98,1.15,2.21,519.17
1,12.02,1.3,2.48,22.24,82.9,2.51,2.21,0.42,1.0,2.72,0.91,3.14,360.8
1,11.63,0.71,2.35,16.79,94.57,1.48,1.09,0.37,0.65,1.42,1.3,1.76,146.97
1,11.42,0.1,1.48,13.55,137.09,1.24,0.31,0.02,1.94,0.59,1.06,2.38,411.35
1,11.64,1.89,2.68,20.8,131.02,1.47,0.78,0.11,1.44,2.02,0.9,2.11,559.26
1,11.94,2.83,2.14,19.88,87.65,2.24,1.62,0.31,1.41,0.4,0.98,2.47,168.55
1,12.91,0.87,2.05,21.63,76.86,1.44,1.13,0.18,0.62,2.09,0.82,2.28,248.51
1,12.96,3.74,2.29,22.14,83.46,1.58,1.48,0.6,1.56,4.55,0.82,1.93,480.95
1,11.89,1.84,2.31,19.17,90.17,2.22,1.56,0.27,1.0,1.53,0.67,2.99,265.28
1,12.29,1.1,2.53,17.77,96.57,2.36,2.55,0.36,2.02,4.37,1.17,2.23,646.44
1,11.92,1.18,2.45,21.86,81.26,2.44,2.1,0.41,0.93,2.46,0.89,3.05,324.65
1,12.07,0.79,2.46,16.85,92.67,2.19,2.28,0.32,1.87,3.74,1.1,2.04,560.54
1,12.04,1.28,2.29,23.44,69.31,2.17,1.54,0.41,1.35,1.63,1.06,3.18,609.76
1,11.88,0.96,2.14,22.5,79.43,1.84,1.85,0.33,1.56,0.73,0.75,2.35,153.06
1,11.89,3.28,1.96,18.55,85.09,1.92,1.51,0.35,1.79,0.97,0.9,2.96,521.93
1,11.56,0.02,1.89,15.68,72.8,2.88,2.11,0.07,1.3,2.14,0.99,2.16,106.81
1,12.24,0.82,1.89,15.17,93.04,1.72,0.92,0.47,0.34,4.62,0.87,1.24,296.56
1,11.5,0.69,1.87,15.9,66.74,1.07,1.1,0.25,1.1,1.25,0.79,2.51,217.53
1,12.52,3.08,1.89,14.96,75.56,1.44,0.94,0.39,0.65,2.68,0.63,1.9,274.14
1,11.53,1.77,2.69,27.41,87.35,1.93,1.91,0.54,1.57,2.25,0.9,2.21,363.51
1,12.39,0.84,2.4,27.53,128.42,2.84,2.15,0.12,1.54,1.63,1.14,2.97,751.79
1,11.87,0.74,1.96,18.46,83.7,2.32,2.1,0.28,1.34,2.13,1.34,3.01,227.26
1,11.72,1.33,1.96,20.38,84.18,1.9,1.47,0.28,1.46,1.66,0.92,3.24,454.97
1,12.02,4.28,2.37,21.93,79.69,2.09,1.73,0.42,1.34,2.55,0.78,2.55,573.11
1,10.97,1.24,3.03,26.08,108.63,2.73,4.35,0.38,1.45,4.32,0.76,3.17,236.39
1,11.83,1.49,2.24,17.49,76.66,1.41,1.2,0.48,1.47,1.7,1.01,2.05,384.4
1,11.97,0.97,1.87,14.67,79.32,2.3,2.1,0.24,1.54,1.98,1.14,2.46,302.8
1,11.43,0.13,1.81,16.65,75.94,1.98,1.56,0.21,1.03,0.87,1.22,2.62,56.3
1,11.9,0.84,1.83,17.66,86.28,2.11,1.64,0.34,1.85,1.77,0.77,2.74,185.96
1,11.51,1.38,1.98,18.68,75.06,2.16,1.95,0.28,0.95,1.15,0.7,2.79,158.86
1,12.04,1.28,2.49,18.48,101.78,1.79,1.59,0.43,0.94,2.59,1.41,2.12,306.07
1,12.05,1.28,2.49,18.5,101.87,1.8,1.6,0.43,0.94,2.61,1.42,2.12,308.14
1,11.89,2.28,2.08,16.36,80.97,2.14,1.76,0.19,1.71,1.01,1.04,2.95,134.89
1,12.08,0.93,1.98,16.18,74.78,1.71,1.75,0.16,1.32,2.08,0.98,2.58,466.71
1,11.9,2.76,2.13,19.7,86.87,2.21,1.56,0.31,1.38,0.28,0.96,2.43,151.51
1,11.54,1.52,2.58,25.55,86.06,1.84,1.47,0.38,1.26,2.29,1.33,3.11,519.31
1,11.22,3.41,1.74,18.52,102.82,3.0,2.29,0.2,3.41,2.22,0.68,2.6,469.81
1,12.43,0.9,2.41,27.68,129.09,2.87,2.2,0.12,1.56,1.74,1.15,3.01,766.59
1,11.77,3.12,1.92,18.06,82.98,1.82,1.36,0.33,1.71,0.63,0.87,2.85,475.32
1,12.33,1.32,2.15,18.41,159.46,2.39,2.09,0.3,3.18,2.19,1.12,2.5,881.09
1,13.49,1.0,1.86,17.26,90.85,1.96,1.57,0.29,0.6,3.29,1.18,2.3,560.46
1,11.39,2.17,2.79,18.48,96.49,1.46,1.57,0.54,0.79,2.74,1.13,2.18,463.48
1,10.84,0.92,2.02,14.8,84.33,2.42,1.3,0.05,0.8,1.03,0.94,2.28,43.57
1,11.22,2.08,2.34,19.04,91.91,2.72,2.5,0.28,1.67,2.59,0.73,3.19,534.87
2,12.7,3.55,2.36,21.5,105.98,1.7,1.2,0.17,0.84,5.0,0.78,1.29,599.59
2,12.85,2.6,2.22,19.57,83.76,1.57,0.18,0.38,0.92,7.08,0.42,1.21,468.4
2,12.23,0.85,2.16,16.35,80.07,1.78,0.24,0.56,1.05,4.65,0.67,1.26,541.31
2,12.87,4.77,2.22,20.75,87.64,1.51,0.26,0.56,1.34,7.03,0.51,1.21,606.85
2,12.93,3.95,2.7,23.07,103.73,1.62,0.38,0.2,0.78,7.16,0.54,1.51,447.61
2,12.09,2.54,2.52,25.54,90.74,1.63,0.14,0.58,0.89,6.48,0.57,1.42,742.07
2,12.92,2.25,2.29,18.98,115.63,1.46,0.37,0.49,1.28,8.59,0.53,1.4,743.59
2,13.14,2.63,2.5,22.53,116.72,1.12,1.13,0.17,1.0,7.58,0.49,0.99,361.44
2,12.69,2.75,2.56,23.37,98.31,2.2,0.41,0.51,0.7,4.48,0.85,2.02,530.73
2,12.3,2.99,2.22,19.83,98.88,1.39,0.7,0.11,0.55,3.84,0.67,0.94,442.98
2,12.3,2.66,2.13,17.38,78.94,1.08,0.03,0.32,0.61,8.79,0.57,1.3,485.18
2,13.5,3.14,2.71,23.41,96.64,1.53,0.49,0.5,0.54,4.29,0.88,2.04,511.96
2,12.97,3.75,2.32,21.04,111.04,1.32,1.25,0.32,1.06,9.08,0.54,1.23,506.87
2,13.41,3.02,2.68,23.06,95.13,1.47,0.39,0.48,0.47,4.05,0.86,1.97,478.69
2,12.79,2.89,2.59,23.79,100.08,2.28,0.54,0.52,0.77,4.77,0.88,2.1,569.82
2,12.38,0.9,2.5,22.52,103.24,1.64,0.39,0.15,1.05,5.03,0.41,0.7,143.71
2,12.28,5.17,2.56,23.97,91.6,1.6,0.29,0.59,0.92,4.29,0.75,1.47,417.95
2,12.65,3.57,2.61,21.92,98.85,1.4,0.04,0.16,0.58,6.37,0.46,1.27,340.0
2,12.18,2.02,2.16,17.11,91.65,0.76,0.36,0.13,0.34,3.4,0.54,0.81,257.8
2,13.26,3.72,2.43,22.43,99.57,1.69,0.58,0.41,1.31,6.91,0.66,1.44,696.4
2,12.77,2.64,2.47,21.9,111.58,1.46,1.33,0.24,1.24,10.73,0.47,1.45,470.71
2,13.17,1.24,2.53,21.22,83.53,2.36,0.72,0.47,2.07,10.86,0.48,1.51,499.46
2,12.86,2.16,2.26,18.72,114.51,1.41,0.3,0.48,1.24,8.41,0.51,1.35,719.03
2,12.39,2.67,2.16,16.17,96.04,0.95,0.0,0.31,0.54,3.66,0.52,1.25,455.33
2,12.79,2.62,2.65,20.44,93.62,1.44,0.33,0.51,0.65,4.21,0.73,2.19,547.43
2,12.5,4.1,2.36,19.98,79.51,1.42,0.2,0.41,0.6,6.6,0.44,1.54,481.84
2,11.91,3.41,2.08,17.1,106.0,1.12,0.36,0.24,0.9,7.24,0.55,1.7,722.65
2,12.48,1.04,2.54,22.92,104.96,1.72,0.51,0.16,1.12,5.31,0.43,0.78,181.49
2,12.49,0.83,2.19,16.46,115.4,1.22,0.79,0.15,0.68,3.03,0.65,0.96,484.59
2,12.99,2.79,2.27,20.15,86.24,1.68,0.36,0.4,1.02,7.49,0.46,1.33,523.1
2,13.42,4.67,2.28,19.17,88.45,1.84,0.55,0.44,0.88,3.82,0.85,1.87,471.76
2,12.26,2.95,2.21,19.71,98.33,1.36,0.66,0.1,0.53,3.76,0.66,0.91,431.0
2,13.39,5.21,2.34,19.2,89.43,1.44,0.22,0.47,0.84,6.8,0.55,1.46,617.14
2,12.3,2.83,2.1,18.31,99.34,0.81,0.43,0.22,0.59,7.18,0.35,0.65,248.89
2,12.67,3.6,2.61,22.01,99.19,1.42,0.06,0.16,0.6,6.42,0.47,1.28,347.62
2,13.37,3.87,2.14,21.02,81.68,1.0,0.03,0.46,0.9,5.59,0.68,1.44,380.65
2,13.39,3.45,2.16,19.08,86.2,1.54,0.35,0.56,0.81,5.41,0.78,1.73,540.34
2,13.3,2.73,2.41,18.41,100.19,1.53,0.08,0.44,0.53,4.78,0.85,1.48,529.96
2,11.71,2.93,2.16,18.32,76.56,1.8,0.12,0.4,0.58,5.79,0.38,1.01,267.68
2,12.47,2.28,2.16,17.95,91.66,1.52,0.5,0.61,0.85,6.72,0.69,1.46,643.35
2,13.42,2.89,2.45,18.9,102.31,1.62,0.23,0.46,0.61,5.12,0.88,1.59,576.61
2,12.46,1.01,2.53,22.84,104.62,1.7,0.48,0.16,1.1,5.25,0.43,0.76,174.06
2,12.6,4.24,2.39,20.39,81.25,1.49,0.32,0.43,0.67,6.88,0.46,1.62,520.33
2,12.86,2.79,2.16,16.98,91.52,1.52,0.38,0.55,1.61,9.47,0.46,1.19,532.04
2,13.11,4.06,2.21,19.34,117.16,1.47,0.49,0.41,1.24,9.74,0.54,1.42,772.44
2,12.28,2.63,2.12,17.28,78.52,1.06,0.0,0.32,0.59,8.72,0.57,1.28,475.9
2,12.23,1.52,2.21,21.63,87.85,0.71,0.38,0.18,0.42,4.05,0.5,0.86,336.22
2,11.98,3.3,2.25,19.42,81.24,2.0,0.45,0.44,0.77,6.55,0.45,1.24,370.86
2,12.33,0.83,2.49,22.3,102.31,1.6,0.32,0.14,1.01,4.88,0.39,0.65,123.1
2,12.82,2.84,2.39,20.42,99.97,1.22,0.15,0.33,1.02,8.89,0.67,1.01,451.83
2,13.44,3.96,2.16,21.29,82.84,1.05,0.11,0.48,0.94,5.78,0.7,1.49,406.17
2,13.01,3.36,2.1,20.38,99.37,1.38,0.37,0.41,1.19,3.57,0.56,1.55,771.99
2,12.39,5.32,2.59,24.44,93.62,1.69,0.43,0.61,1.0,4.61,0.78,1.57,462.5
2,13.16,2.57,2.37,19.95,119.8,1.64,0.67,0.53,1.45,9.27,0.6,1.61,835.54
2,12.94,2.34,2.43,21.68,113.09,0.97,0.88,0.13,0.85,6.99,0.43,0.81,281.51
2,13.8,3.64,2.63,23.12,90.11,1.79,0.35,0.51,1.11,8.24,0.52,1.31,430.08
2,12.49,4.08,2.35,19.93,79.27,1.41,0.18,0.41,0.59,6.56,0.43,1.53,476.7
2,13.14,2.25,2.27,19.08,85.06,1.23,0.22,0.34,0.48,4.96,0.64,2.27,693.11
2,12.69,2.75,2.56,23.38,98.36,2.2,0.42,0.51,0.7,4.49,0.85,2.02,531.84
2,13.3,2.2,2.6,23.35,100.1,1.34,0.5,0.35,1.34,7.86,0.66,1.56,641.99
2,13.54,2.53,2.68,24.34,104.32,1.52,0.79,0.38,1.51,8.55,0.73,1.77,735.05
2,12.7,2.54,2.45,21.63,110.4,1.41,1.25,0.23,1.2,10.54,0.45,1.39,444.69
2,12.67,3.16,2.25,18.89,85.38,1.37,0.48,0.38,0.86,9.83,0.68,1.62,627.14
2,13.12,4.26,2.18,17.95,83.23,1.62,0.19,0.39,0.67,2.98,0.77,1.61,356.53
2,13.38,3.44,2.15,19.06,86.12,1.54,0.35,0.56,0.8,5.39,0.78,1.73,538.55
2,12.4,2.68,2.16,16.19,96.11,0.96,0.01,0.31,0.54,3.67,0.52,1.26,456.85
2,13.03,3.39,2.35,21.46,95.41,1.51,0.29,0.37,1.15,6.23,0.59,1.23,604.69
2,14.05,3.99,2.71,24.18,94.64,1.99,0.67,0.55,1.3,8.98,0.59,1.53,530.05
2,13.23,2.1,2.57,23.06,98.85,1.28,0.41,0.34,1.29,7.66,0.64,1.49,614.5
2,13.49,3.64,2.26,18.07,82.89,1.53,0.4,0.43,1.32,8.02,0.47,1.34,345.25
2,13.63,0.71,2.46,22.09,85.54,2.25,0.44,0.42,2.2,10.98,0.37,1.34,385.23
2,12.44,4.01,2.33,19.72,78.37,1.37,0.12,0.4,0.55,6.41,0.42,1.48,456.88
2,14.27,1.58,2.68,24.71,96.74,2.74,1.22,0.52,2.65,12.8,0.55,1.9,632.21
2,12.4,2.68,2.16,16.21,96.2,0.96,0.01,0.31,0.55,3.69,0.52,1.26,458.97
2,13.13,3.27,2.49,21.7,105.44,1.46,0.53,0.38,1.24,9.78,0.76,1.28,572.4
2,12.8,0.73,2.41,19.7,77.04,2.08,0.26,0.42,1.81,9.81,0.38,1.19,356.36
2,12.7,2.39,2.17,18.96,81.12,1.45,0.0,0.36,0.81,6.65,0.38,1.08,410.16
2,12.74,1.19,2.28,17.52,119.95,1.42,1.11,0.19,0.86,3.77,0.73,1.19,584.75
2,12.21,4.66,2.52,20.82,88.22,1.35,0.42,0.52,0.77,3.72,0.74,1.23,702.7
2,12.41,3.16,2.26,20.32,100.96,1.48,0.85,0.13,0.64,4.18,0.7,1.04,488.92
2,13.22,4.97,2.28,18.47,86.31,1.3,0.0,0.44,0.71,6.29,0.5,1.31,548.39
2,12.15,0.38,2.08,15.1,109.58,0.97,0.38,0.1,0.44,2.08,0.56,0.67,356.25
2,13.34,1.48,2.59,21.93,86.55,2.49,0.93,0.5,2.19,11.35,0.53,1.66,565.98
